{
	"registrations": [
		{
			"component": {
				"type": "git",
				"git": {
					"name": "TypeScript-TmLanguage",
					"repositoryUrl": "https://github.com/Microsoft/TypeScript-TmLanguage",
					"commitHash": "84238ef0fa1c7e4e2c9fe77875d832dab9f57e5d"
				}
			},
			"license": "MIT",
			"description": "The files syntaxes/TypeScript.tmLanguage.json and syntaxes/TypeScriptReact.tmLanguage.json were derived from TypeScript.tmLanguage and TypeScriptReact.tmLanguage in https://github.com/Microsoft/TypeScript-TmLanguage.",
			"version": "1.0.0"
		}
	],
	"version": 1
}