{
  "fileTypes": ["feature"],
  "scopeName": "text.gherkin.feature.graphql",
  "injectionSelector": "L:text -comment",
  "patterns": [
    {
      "begin": "graphql request\\s*$",
      "end": "(?<=\"\"\")",
      "patterns": [
        {
          "begin": "^\\s*(\"\"\")$",
          "beginCaptures": {
            "1": { "name": "string.quoted.double.graphql.start" }
          },
          "end": "^\\s*(\"\"\")",
          "endCaptures": {
            "1": { "name": "string.quoted.double.graphql.end" }
          },
          "patterns": [
            { "include": "source.graphql" }
          ]
        }
      ]
    },
    {
      "begin": "^\\s*(\"\"\")\\s*(#graphql)\\s*$",
      "beginCaptures": {
        "1": { "name": "string.quoted.double.graphql.begin" },
        "2": { "name": "comment.line.graphql.js" }
      },
      "end": "^\\s*(\"\"\")$",
      "endCaptures": {
        "1": { "name": "string.quoted.double.graphql.end" }
      },
      "patterns": [
        { "include": "source.graphql" }
      ]
    }
  ]
}
