{
  ".source.elm": {
    "negate": {
      "prefix": "negate",
      "body": "negate ${1:number}",
      "description": "number -> number"
    },
    "turns": {
      "prefix": "turns",
      "body": "turns ${1:float}",
      "description": "Float -> Float"
    },
    "always": {
      "prefix": "always",
      "body": "always ${1:a} ${2:b}",
      "description": "a -> b -> a"
    },
    "logBase": {
      "prefix": "logBase",
      "body": "logBase ${1:float} ${2:float}",
      "description": "Float -> Float -> Float"
    },
    "truncate": {
      "prefix": "truncate",
      "body": "truncate ${1:float}",
      "description": "Float -> Int"
    },
    "clamp": {
      "prefix": "clamp",
      "body": "clamp ${1:number} ${2:number} ${3:number}",
      "description": "number -> number -> number -> number"
    },
    "compare": {
      "prefix": "compare",
      "body": "compare ${1:comparable} ${2:comparable}",
      "description": "comparable -> comparable -> Order"
    },
    "curry": {
      "prefix": "curry",
      "body": "curry ${1:function} ${2:a} ${3:b}",
      "description": "((a,b) -> c) -> a -> b -> c"
    },
    "flip": {
      "prefix": "flip",
      "body": "flip ${1:function} ${2:function}",
      "description": "(a -> b -> c) -> (b -> a -> c)"
    },
    "toPolar": {
      "prefix": "toPolar",
      "body": "toPolar ${1:tuple}",
      "description": "(Float,Float) -> (Float,Float)"
    },
    "first": {
      "prefix": "first",
      "body": "first ${1:tuple}",
      "description": "(a,b) -> a"
    },
    "identity": {
      "prefix": "identity",
      "body": "identity ${1:a}",
      "description": "a -> a"
    },
    "isNaN": {
      "prefix": "isNaN",
      "body": "isNaN ${1:float}",
      "description": "Float -> Bool"
    },
    "min": {
      "prefix": "min",
      "body": "min ${1:comparable} ${2:comparable}",
      "description": "comparable -> comparable -> comparable"
    },
    "not": {
      "prefix": "not",
      "body": "not ${1:bool}",
      "description": "Bool -> Bool"
    },
    "rem": {
      "prefix": "rem",
      "body": "rem ${1:int} ${2:int}",
      "description": "Int -> Int -> Int"
    },
    "second": {
      "prefix": "second",
      "body": "second ${1:tuple}",
      "description": "(a,b) -> b"
    },
    "toFloat": {
      "prefix": "toFloat",
      "body": "toFloat ${1:int}",
      "description": "Int -> Float"
    },
    "toString": {
      "prefix": "toString",
      "body": "toString ${1:a}",
      "description": "a -> String"
    },
    "uncurry": {
      "prefix": "uncurry",
      "body": "uncurry ${1:function} ${2:tuple}",
      "description": "(a -> b -> c) -> (a,b) -> c"
    },
    "xor": {
      "prefix": "xor",
      "body": "xor ${1:bool} ${2:bool}",
      "description": "Bool -> Bool -> Bool"
    },
    "Module": {
      "prefix": "module",
      "body": [
        "module ${1:Name} exposing (${2:..})"
      ],
      "description": "Module definition"
    },
    "Import": {
      "prefix": "import",
      "body": [
        "import ${1:Name} exposing (${2:..})"
      ],
      "description": "Unqualified import"
    },
    "Case of": {
      "prefix": "caseof",
      "body": [
        "case ${1:expression} of",
        "    ${2:option1} ->",
        "        $3",
        "",
        "    ${4:option2} ->",
        "        $5"
      ],
      "description": "Case of expression with 2 alternatives"
    },
    "Multi-line comment": {
      "prefix": "comment",
      "body": [
        "{-",
        "$0",
        "-}"
      ],
      "description": "Multi-line comment"
    },
    "Record": {
      "prefix": "record",
      "body": [
        "${recordName} =",
        "    { ${key1} = ${value1}",
        "    , ${key2} = ${value2}",
        "    }"
      ],
      "description": "Record"
    },
    "RecordType": {
      "prefix": "recordtype",
      "body": [
        "type alias ${recordName} =",
        "    { ${key1} : ${ValueType1}",
        "    , ${key2} : ${ValueType2}",
        "    }"
      ],
      "description": "Record type"
    },
    "Update record": {
      "prefix": "recordupdate",
      "body": [
        "{ ${1:recordName} | ${2:key} = $0 }"
      ],
      "description": "Update record"
    },
    "Anonymous function": {
      "prefix": "anonymous",
      "body": [
        "\\ ${argument} -> ${argument}$0"
      ],
      "description": "Anonymous function"
    },
    "Union type": {
      "prefix": "union",
      "body": [
        "type ${Typename}",
        "    = ${Value1}",
        "    | ${Value2}"
      ],
      "description": "Union type"
    },
    "Message": {
      "prefix": "msg",
      "body": [
        "type Msg",
        "    = NoOp",
        "    | ${Message}"
      ],
      "description": "Default message union type"
    },
    "Function": {
      "prefix": "fun",
      "body": [
        "${functionName} : ${ArgumentType} -> ${ReturnType}",
        "${functionName} ${argumentName} =",
        "    ${functionBody}"
      ],
      "description": "Function with type annotation"
    },
    "Let expression": {
      "prefix": "letin",
      "body": [
        "let",
        "    $1",
        "in",
        "$0"
      ],
      "description": "Let expression"
    },
    "Update function": {
      "prefix": "update",
      "body": [
        "update : Msg -> Model -> ( Model, Cmd Msg )",
        "update msg model =",
        "    case msg of",
        "        NoOp ->",
        "            ( model, Cmd.none )",
        "",
        "        ${option1} ->",
        "            $0"
      ],
      "description": "Default update function"
    },
    "View function": {
      "prefix": "view",
      "body": [
        "view : Model -> Html Msg",
        "view model =",
        "    $0"
      ],
      "description": "Default view function"
    },
    "Incoming port": {
      "prefix": "portin",
      "body": [
        "port ${portName} : (${Typename} -> msg) -> Sub msg"
      ],
      "description": "Incoming port"
    },
    "Outgoing port": {
      "prefix": "portout",
      "body": [
        "port ${portName} : ${Typename} -> Cmd msg"
      ],
      "description": "Outgoing port"
    },
    "Main Program": {
      "prefix": "mainprogram",
      "body": [
        "main : Program Never Model Msg",
        "main =",
        "    Html.program",
        "        { init = init",
        "        , view = view",
        "        , update = update",
        "        , subscriptions = subscriptions",
        "        }"
      ],
      "description": "Main Program Never"
    },
    "Subscriptions": {
      "prefix": "subscriptions",
      "body": [
        "subscriptions : Model -> Sub Msg",
        "subscriptions model =",
        "    Sub.none"
      ],
      "description": "Subscriptions"
    },
    "defaultModel": {
      "prefix": "elmdmodel",
      "body": [
        "type alias Model =",
        "    { statusText : String",
        "    }",
        "",
        "",
        "model : Model",
        "model =",
        "    { statusText = \"Ready\"",
        "    }"
      ],
      "description": "A default model with type declaration"
    },
    "Html.program": {
      "prefix": "Html.program",
      "body": [
        "module ${Name} exposing (Model, Msg, update, view, subscriptions, init)",
        "",
        "import Html exposing (..)",
        "",
        "",
        "main : Program Never Model Msg",
        "main =",
        "    Html.program",
        "        { init = init",
        "        , view = view",
        "        , update = update",
        "        , subscriptions = subscriptions",
        "    }",
        "",
        "",
        "type alias Model =",
        "    { ${property} : ${propertyType}",
        "    }",
        "",
        "",
        "type Msg",
        "    = ${Msg1}",
        "    | ${Msg2}",
        "",
        "",
        "update : Msg -> Model -> (Model, Cmd Msg)",
        "update msg model =",
        "    case msg of",
        "        ${Msg1} ->",
        "            (model, Cmd.none)",
        "",
        "        ${Msg2} ->",
        "            (model, Cmd.none)",
        "",
        "",
        "view : Model -> Html Msg",
        "view model =",
        "    div []",
        "        [ text \"New Html Program\" ]",
        "",
        "",
        "subscriptions : Model -> Sub Msg",
        "subscriptions model =",
        "    Sub.none",
        "",
        "",
        "init : (Model, Cmd Msg)",
        "init = ",
        "    (Model ${modelInitialValue}, Cmd.none)",
        "$0"
      ],
      "description": "Html program"
    },
    "Elm-test describe": {
      "prefix": "describe",
      "body": [
        "describe \"${1:name}\"",
        "    [ $0",
        "    ]"
      ],
      "description": "describe block in Elm-test"
    },
    "Elm-test test": {
      "prefix": "test",
      "body": [
        "test \"${1:name}\" <|",
        "    \\_ ->",
        "        $0"
      ],
      "description": "test block in Elm-test"
    },
    "todo": {
      "prefix": "todo",
      "body": "-- TODO: $0",
      "description": "TODO comment"
    }
  }
}
