{
  "for tag": {
    "prefix": "for",
    "body": ["<for|${1:item}| of=${2:items}>\n\t$3\n</for>\n"],
    "description": "for tag"
  },
  "if tag": {
    "prefix": "if",
    "body": ["<if(${1:condition})>\n\t$2\n</if>\n"],
    "description": "if tag"
  },
  "else-if tag": {
    "prefix": "else-if",
    "body": ["<else-if(${1:condition})>\n\t$2\n</else-if>\n"],
    "description": "else-if tag"
  },
  "else tag": {
    "prefix": "else",
    "body": ["<else>$1</else>\n"],
    "description": "else tag"
  },
  "await tag": {
    "prefix": "await",
    "body": [
      "<await(${1:promise})>\n\t<@then|${2:result}|>\n\t\t$3\n\t</@then>\n</await>\n"
    ],
    "description": "async-fragment tag"
  },
  "ternary operator": {
    "prefix": "?",
    "body": ["{${1:expression} ? ${2:trueTemplate} : ${3:falseTemplate}}"],
    "description": "ternary operator"
  },
  "html-comment tag": {
    "prefix": "comment",
    "body": ["<html-comment>\n\t$1\n</html-comment>\n"],
    "description": "html-comment tag"
  },
  "log": {
    "prefix": "log",
    "body": ["$ console.log(${1:object})"],
    "description": "Log data in within the template"
  }
}
