{
  "name": "Gloom",
  "type": "dark",
  "colors": {
    "activityBar.background": "#212136",
    "activityBar.foreground": "#D7DAE0",
    "activityBarBadge.background": "#4D78CC",
    "activityBarBadge.foreground": "#F8FAFD",
    "badge.background": "#292A44",
    "button.background": "#404754",
    "debugToolBar.background": "#292A44",
    "dropdown.background": "#1d1f23",
    "diffEditor.insertedTextBackground": "#00809B33",
    "dropdown.border": "#181A1F",
    "editor.background": "#292A44",
    "editor.foreground": "#F1EFF7",
    "editorError.foreground": "#c24038",
    "editorMarkerNavigation.background": "#292A44",
    "editorRuler.foreground": "#333454",
    "editor.lineHighlightBackground": "#333454",
    "editor.selectionBackground": "#4F528A",
    "editor.selectionHighlightBackground": "#484e5b",
    "editorCursor.foreground": "#94F2E7",
    "editor.editor.findMatchBackground": "#42557B",
    "editor.findMatchHighlightBackground": "#314365",
    "editor.wordHighlightBackground": "#484e5b",
    "editor.wordHighlightStrongBackground": "#484e5b",
    "editorGroup.background": "#181A1F",
    "editorGroup.border": "#181A1F",
    "editorGroupHeader.tabsBackground": "#292A44",
    "editorIndentGuide.background": "#3B4048",
    "editorLineNumber.foreground": "#495162",
    "editorWhitespace.foreground": "#3B4048",
    "editorHoverWidget.background": "#292A44",
    "editorHoverWidget.border": "#181A1F",
    "editorSuggestWidget.background": "#292A44",
    "editorSuggestWidget.border": "#181A1F",
    "editorSuggestWidget.selectedBackground": "#363759",
    "editorWidget.background": "#292A44",
    "input.background": "#1d1f23",
    "list.activeSelectionBackground": "#363759",
    "list.activeSelectionForeground": "#d7dae0",
    "list.focusBackground": "#383E4A",
    "list.hoverBackground": "#363759",
    "list.highlightForeground": "#C5C5C5",
    "list.inactiveSelectionBackground": "#363759",
    "list.inactiveSelectionForeground": "#d7dae0",
    "notification.background": "#292A44",
    "peekViewEditor.matchHighlightBackground": "#29244b",
    "scrollbarSlider.background": "#4E566680",
    "scrollbarSlider.activeBackground": "#747D9180",
    "scrollbarSlider.hoverBackground": "#5A637580",
    "sideBar.background": "#212136",
    "sideBarSectionHeader.background": "#212136",
    "statusBar.background": "#212136",
    "statusBar.foreground": "#9da5b4",
    "statusBarItem.hoverBackground": "#363759",
    "statusBar.noFolderBackground": "#212136",
    "statusBar.debuggingBackground": "#212136",
    "tab.activeBackground": "#363759",
    "tab.border": "#181A1F",
    "tab.inactiveBackground": "#212136",
    "titleBar.activeBackground": "#212136",
    "titleBar.activeForeground": "#9da5b4",
    "titleBar.inactiveBackground": "#212136",
    "titleBar.inactiveForeground": "#6B717D"
  },
  "tokenColors": [
    {
      "name": "punctuation.definition",
      "scope":
        "punctuation.definition.string.begin,punctuation.definition.string.end",
      "settings": {
        "foreground": "#6DFEDF"
      }
    },
    {
      "name": "Text",
      "scope": "variable.parameter.function",
      "settings": {
        "foreground": "#F1EFF7"
      }
    },
    {
      "name": "Comments",
      "scope": "comment, punctuation.definition.comment",
      "settings": {
        "foreground": "#6D6DB5",
        "fontStyle": "italic"
      }
    },
    {
      "name": "Comment",
      "scope": "comment",
      "settings": {
        "foreground": "#6D6DB5",
        "fontStyle": "italic"
      }
    },
    {
      "name": "Comment Markup Link",
      "scope": "comment markup.link",
      "settings": {
        "foreground": "#5C6370"
      }
    },
    {
      "name": "markup diff",
      "scope": "markup.changed.diff",
      "settings": {
        "foreground": "#e0c285"
      }
    },
    {
      "name": "diff",
      "scope":
        "meta.diff.header.from-file,punctuation.definition.from-file.diff",
      "settings": {
        "foreground": "#569cd6"
      }
    },
    {
      "name": "inserted.diff",
      "scope": "markup.inserted.diff",
      "settings": {
        "foreground": "#6DFEDF"
      }
    },
    {
      "name": "deleted.diff",
      "scope": "markup.deleted.diff",
      "settings": {
        "foreground": "#FF6F9F"
      }
    },
    {
      "name": "c++ function",
      "scope": "meta.function.c",
      "settings": {
        "foreground": "#FF6F9F"
      }
    },
    {
      "name": "c++ control",
      "scope": "keyword.control.cpp",
      "settings": {
        "foreground": "#e5c07b"
      }
    },
    {
      "name": "c++ block",
      "scope":
        "punctuation.section.block.begin.bracket.curly.cpp,punctuation.section.block.end.bracket.curly.cpp,punctuation.terminator.statement.c,punctuation.section.block.begin.bracket.curly.c,punctuation.section.block.end.bracket.curly.c,punctuation.section.parens.begin.bracket.round.c,punctuation.section.parens.end.bracket.round.c,punctuation.section.parameters.begin.bracket.round.c,punctuation.section.parameters.end.bracket.round.c",
      "settings": {
        "foreground": "#F1EFF7"
      }
    },
    {
      "name": "js/ts punctuation separator key-value",
      "scope": "punctuation.separator.key-value",
      "settings": {
        "foreground": "#bbbbbb"
      }
    },
    {
      "name": "js/ts italic",
      "scope":
        "entity.other.attribute-name.js,entity.other.attribute-name.ts,entity.other.attribute-name.jsx,entity.other.attribute-name.tsx,variable.parameter,variable.language.super",
      "settings": {
        "fontStyle": "italic"
      }
    },
    {
      "name": "js/ts import keyword",
      "scope": "keyword.operator.expression.import",
      "settings": {
        "foreground": "#2DE0A7"
      }
    },
    {
      "name": "math js/ts",
      "scope": "support.constant.math",
      "settings": {
        "foreground": "#e5c07b"
      }
    },
    {
      "name": "math property js/ts",
      "scope": "support.constant.property.math",
      "settings": {
        "foreground": "#AE81FF"
      }
    },
    {
      "name": "js/ts variable.other.constant",
      "scope": "variable.other.constant",
      "settings": {
        "foreground": "#AE81FF"
      }
    },
    {
      "name": "java type",
      "scope": "storage.type.annotation.java",
      "settings": {
        "foreground": "#e5c07b"
      }
    },
    {
      "name": "java source",
      "scope": "source.java",
      "settings": {
        "foreground": "#FF6F9F"
      }
    },
    {
      "name": "java modifier.import",
      "scope":
        "punctuation.section.block.begin.java,punctuation.section.block.end.java,punctuation.definition.method-parameters.begin.java,punctuation.definition.method-parameters.end.java,meta.method.identifier.java,punctuation.section.method.begin.java,punctuation.section.method.end.java,punctuation.terminator.java,punctuation.section.class.begin.java,punctuation.section.class.end.java,punctuation.section.inner-class.begin.java,punctuation.section.inner-class.end.java,meta.method-call.java,storage.type.generic.java,punctuation.section.class.begin.bracket.curly.java,punctuation.section.class.end.bracket.curly.java,punctuation.section.method.begin.bracket.curly.java,punctuation.section.method.end.bracket.curly.java,punctuation.separator.period.java,meta.method.body.java",
      "settings": {
        "foreground": "#F1EFF7"
      }
    },
    {
      "name": "java modifier.import",
      "scope": "meta.method.java",
      "settings": {
        "foreground": "#2DE0A7"
      }
    },
    {
      "name": "java modifier.import",
      "scope": "storage.modifier.import.java,storage.type.java",
      "settings": {
        "foreground": "#e5c07b"
      }
    },
    {
      "name": "java variable.name",
      "scope": "meta.definition.variable.name.java",
      "settings": {
        "foreground": "#FF6F9F"
      }
    },
    {
      "name": "operator logical",
      "scope": "keyword.operator.logical.js",
      "settings": {
        "foreground": "#7AA5FF"
      }
    },
    {
      "name": "operator quantifier regexp",
      "scope": "keyword.operator.quantifier.regexp",
      "settings": {
        "foreground": "#7AA5FF"
      }
    },
    {
      "name": "operator bitwise",
      "scope": "keyword.operator.bitwise",
      "settings": {
        "foreground": "#7AA5FF"
      }
    },
    {
      "name": "support.constant.property-value.scss",
      "scope":
        "support.constant.property-value.scss,support.constant.property-value.css",
      "settings": {
        "foreground": "#66D9EF"
      }
    },
    {
      "name": "css comma",
      "scope": "punctuation.separator.list.comma.css",
      "settings": {
        "foreground": "#b9c0ca"
      }
    },
    {
      "name": "css property-name",
      "scope":
        "support.type.vendored.property-name.css, support.type.property-name.css",
      "settings": {
        "foreground": "#66D9EF"
      }
    },
    {
      "name": "js/ts template-expression",
      "scope":
        "punctuation.definition.template-expression.begin,punctuation.definition.template-expression.end",
      "settings": {
        "foreground": "#FF6F9F"
      }
    },
    {
      "name": "js/ts module",
      "scope":
        "support.module.node,support.type.object.module,support.module.node",
      "settings": {
        "foreground": "#7AA5FF"
      }
    },
    {
      "name": "Support primitive",
      "scope":
        "support.type.primitive, entity.name.type.entity.name.type.js.meta.type.annotation.js, entity.name.type.entity.name.type.js.meta.return.type.js",
      "settings": {
        "foreground": "#66D9EF"
      }
    },
    {
      "name": "Annotation Keyword",
      "scope":
        "keyword.operator.type.annotation, keyword.operator.optional, meta.return.type.js",
      "settings": {
        "foreground": "#7AA5FF"
      }
    },
    {
      "name": "js variable readwrite",
      "scope":
        "variable.other.readwrite,meta.object-literal.key,support.variable.property,support.variable.object.node",
      "settings": {
        "foreground": "#FF6F9F"
      }
    },
    {
      "name": "js variable process",
      "scope":
        "support.variable.object.process, support.variable.property.process",
      "settings": {
        "foreground": "#66D9EF"
      }
    },
    {
      "name": "comment",
      "scope": "comment.line.double-slash,comment.block.documentation",
      "settings": {
        "fontStyle": "normal"
      }
    },
    {
      "name": "js/ts json",
      "scope": "support.constant.json",
      "settings": {
        "foreground": "#AE81FF"
      }
    },
    {
      "name": "js/ts Keyword",
      "scope":
        "keyword.operator.expression.instanceof,keyword.operator.new,keyword.operator.ternary",
      "settings": {
        "foreground": "#7AA5FF"
      }
    },
    {
      "name": "js/ts console",
      "scope": "support.type.object.console",
      "settings": {
        "foreground": "#FF6F9F"
      }
    },
    {
      "name": "js console function",
      "scope": "entity.name.function,support.function.console",
      "settings": {
        "foreground": "#2DE0A7"
      }
    },
    {
      "name": "js operator",
      "scope": "keyword.operator",
      "settings": {
        "foreground": "#2DE0A7"
      }
    },
    {
      "name": "js dom",
      "scope": "support.type.object.dom",
      "settings": {
        "foreground": "#2DE0A7"
      }
    },
    {
      "name": "js dom variable",
      "scope": "support.variable.dom,support.variable.property.dom",
      "settings": {
        "foreground": "#66D9EF"
      }
    },
    {
      "name": "keyword.operator",
      "scope": "keyword.operator.arithmetic,keyword.operator.comparison",
      "settings": {
        "foreground": "#7AA5FF"
      }
    },
    {
      "name": "C operator assignment",
      "scope":
        "keyword.operator.assignment.c,keyword.operator.comparison.c,keyword.operator.c,keyword.operator.increment.c",
      "settings": {
        "foreground": "#7AA5FF"
      }
    },
    {
      "name": "C punctuation",
      "scope": "punctuation.separator.delimiter.c",
      "settings": {
        "foreground": "#bbbbbb"
      }
    },
    {
      "name": "C type posix-reserved",
      "scope": "support.type.posix-reserved.c",
      "settings": {
        "foreground": "#57adb8"
      }
    },
    {
      "name": "keyword.operator.sizeof.c",
      "scope": "keyword.operator.sizeof.c",
      "settings": {
        "foreground": "#C178DD"
      }
    },
    {
      "name": "python parameter",
      "scope": "variable.parameter.function.language.python",
      "settings": {
        "foreground": "#AE81FF"
      }
    },
    {
      "name": "python type",
      "scope": "support.type.python",
      "settings": {
        "foreground": "#2DE0A7"
      }
    },
    {
      "name": "python logical",
      "scope": "keyword.operator.logical.python",
      "settings": {
        "foreground": "#7AA5FF"
      }
    },
    {
      "name": "meta.function-call.arguments.python",
      "scope": "meta.function-call.arguments.python",
      "settings": {
        "foreground": "#E06C60"
      }
    },
    {
      "name": "meta.function-call.python",
      "scope": "meta.function-call.python",
      "settings": {
        "foreground": "#E06C60"
      }
    },
    {
      "name": "pyCs",
      "scope": "variable.parameter.function.python",
      "settings": {
        "foreground": "#D18C4E"
      }
    },
    {
      "name": "python block",
      "scope":
        "punctuation.definition.arguments.begin.python,punctuation.definition.arguments.end.python,punctuation.separator.arguments.python,punctuation.definition.list.begin.python,punctuation.definition.list.end.python,meta.function-call.arguments.python",
      "settings": {
        "foreground": "#F1EFF7"
      }
    },
    {
      "name": "python function-call.generic",
      "scope": "meta.function-call.generic.python",
      "settings": {
        "foreground": "#2DE0A7"
      }
    },
    {
      "name": "rust operator",
      "scope": "keyword.operator.misc.rust",
      "settings": {
        "foreground": "#7AA5FF"
      }
    },
    {
      "name": "Punctuation Definition Comment",
      "scope": "punctuation.definition.comment",
      "settings": {
        "foreground": "#5C6370"
      }
    },
    {
      "name": "Delimiters",
      "scope": "none",
      "settings": {
        "foreground": "#A6B2C0"
      }
    },
    {
      "name": "Operators",
      "scope": "keyword.operator",
      "settings": {
        "foreground": "#F1EFF7"
      }
    },
    {
      "name": "Keywords",
      "scope": "keyword",
      "settings": {
        "foreground": "#7AA5FF"
      }
    },
    {
      "name": "Variables",
      "scope": "variable",
      "settings": {
        "foreground": "#FF6F9F"
      }
    },
    {
      "name": "Java Variables",
      "scope": "token.variable.parameter.java",
      "settings": {
        "foreground": "#F1EFF7"
      }
    },
    {
      "name": "Java Imports",
      "scope": "import.storage.java",
      "settings": {
        "foreground": "#e5c07b"
      }
    },
    {
      "name": "Packages",
      "scope": "token.package.keyword",
      "settings": {
        "foreground": "#7AA5FF"
      }
    },
    {
      "name": "Packages",
      "scope": "token.package",
      "settings": {
        "foreground": "#F1EFF7"
      }
    },
    {
      "name": "Functions",
      "scope":
        "entity.name.function, meta.require, support.function.any-method",
      "settings": {
        "foreground": "#2DE0A7"
      }
    },
    {
      "name": "Classes",
      "scope": "entity.name.type.namespace",
      "settings": {
        "foreground": "#66D9EF"
      }
    },
    {
      "name": "Classes",
      "scope": "support.class",
      "settings": {
        "foreground": "#66D9EF"
      }
    },
    {
      "name": "Inherited Class",
      "scope": "entity.other.inherited-class",
      "settings": {
        "foreground": "#678BDC"
      }
    },
    {
      "name": "Class name",
      "scope":
        "entity.name.class.identifier.namespace.type, entity.name.type.class",
      "settings": {
        "foreground": "#678BDC"
      }
    },
    {
      "name": "Class name",
      "scope": "entity.name.class",
      "settings": {
        "foreground": "#2DE0A7"
      }
    },
    {
      "name": "Type Name",
      "scope": "entity.name.type",
      "settings": {
        "foreground": "#2DE0A7"
      }
    },
    {
      "name": "Keyword Control",
      "scope": "keyword.control",
      "settings": {
        "foreground": "#7AA5FF"
      }
    },
    {
      "name": "Control Elements",
      "scope": "control.elements, keyword.operator.less",
      "settings": {
        "foreground": "#AE81FF"
      }
    },
    {
      "name": "Methods",
      "scope": "keyword.other.special-method",
      "settings": {
        "foreground": "#2DE0A7"
      }
    },
    {
      "name": "Storage",
      "scope": "storage",
      "settings": {
        "foreground": "#ED4781"
      }
    },
    {
      "name": "Storage JS TS",
      "scope": "token.storage",
      "settings": {
        "foreground": "#7AA5FF"
      }
    },
    {
      "name":
        "Source Js Keyword Operator Delete,source Js Keyword Operator In,source Js Keyword Operator Of,source Js Keyword Operator Instanceof,source Js Keyword Operator New,source Js Keyword Operator Typeof,source Js Keyword Operator Void",
      "scope":
        "keyword.operator.expression.delete,keyword.operator.expression.in,keyword.operator.expression.of,keyword.operator.expression.instanceof,keyword.operator.new,keyword.operator.expression.typeof,keyword.operator.expression.void",
      "settings": {
        "foreground": "#7AA5FF"
      }
    },
    {
      "name": "Java Storage",
      "scope": "token.storage.type.java",
      "settings": {
        "foreground": "#e5c07b"
      }
    },
    {
      "name": "Support",
      "scope": "support.function",
      "settings": {
        "foreground": "#66D9EF"
      }
    },
    {
      "name": "Support type",
      "scope": "support.type.property-name",
      "settings": {
        "foreground": "#F1EFF7"
      }
    },
    {
      "name": "Support type",
      "scope": "support.constant.property-value",
      "settings": {
        "foreground": "#F1EFF7"
      }
    },
    {
      "name": "Support type",
      "scope": "support.constant.font-name",
      "settings": {
        "foreground": "#AE81FF"
      }
    },
    {
      "name": "Meta tag",
      "scope": "meta.tag",
      "settings": {
        "foreground": "#F1EFF7"
      }
    },
    {
      "name": "Strings",
      "scope": "string",
      "settings": {
        "foreground": "#6DFEDF"
      }
    },
    {
      "name": "Constant other symbol",
      "scope": "constant.other.symbol",
      "settings": {
        "foreground": "#2DE0A7"
      }
    },
    {
      "name": "Integers",
      "scope": "constant.numeric",
      "settings": {
        "foreground": "#FFDB7D"
      }
    },
    {
      "name": "Floats",
      "scope": "none",
      "settings": {
        "foreground": "#AE81FF"
      }
    },
    {
      "name": "Boolean",
      "scope": "none",
      "settings": {
        "foreground": "#AE81FF"
      }
    },
    {
      "name": "Constants",
      "scope": "constant",
      "settings": {
        "foreground": "#AE81FF"
      }
    },
    {
      "name": "Import Constants",
      "scope": "constant.language.import-export-all",
      "settings": {
        "foreground": "#7AA5FF"
      }
    },
    {
      "name": "Constants",
      "scope": "punctuation.definition.constant",
      "settings": {
        "foreground": "#AE81FF"
      }
    },
    {
      "name": "Tags",
      "scope": "entity.name.tag",
      "settings": {
        "foreground": "#66D9EF"
      }
    },
    {
      "name": "Attributes",
      "scope": "entity.other.attribute-name",
      "settings": {
        "foreground": "#F92672"
      }
    },
    {
      "name": "Attribute IDs",
      "scope": "entity.other.attribute-name.id",
      "settings": {
        "foreground": "#2DE0A7",
        "fontStyle": "normal"
      }
    },
    {
      "name": "Attribute class",
      "scope": "entity.other.attribute-name.class.css",
      "settings": {
        "foreground": "#F92672",
        "fontStyle": "normal"
      }
    },
    {
      "name": "Selector",
      "scope": "meta.selector",
      "settings": {
        "foreground": "#7AA5FF"
      }
    },
    {
      "name": "Values",
      "scope": "none",
      "settings": {
        "foreground": "#D2945D"
      }
    },
    {
      "name": "Headings",
      "scope":
        "markup.heading, markup.heading punctuation.definition.heading, entity.name.section",
      "settings": {
        "foreground": "#2DE0A7"
      }
    },
    {
      "name": "Units",
      "scope": "keyword.other.unit",
      "settings": {
        "foreground": "#7AA5FF"
      }
    },
    {
      "name": "Bold",
      "scope": "markup.bold,todo.bold",
      "settings": {
        "fontStyle": "bold",
        "foreground": "#AE81FF"
      }
    },
    {
      "name": "Bold",
      "scope": "punctuation.definition.bold",
      "settings": {
        "foreground": "#e5c07b"
      }
    },
    {
      "name": "Italic",
      "scope": "markup.italic, punctuation.definition.italic,todo.emphasis",
      "settings": {
        "foreground": "#7AA5FF"
      }
    },
    {
      "name": "Italic",
      "scope": "emphasis md",
      "settings": {
        "foreground": "#7AA5FF"
      }
    },
    {
      "name": "[VSCODE-CUSTOM] Markdown headings",
      "scope": "entity.name.section.markdown",
      "settings": {
        "foreground": "#2DE0A7"
      }
    },
    {
      "name": "[VSCODE-CUSTOM] Markdown heading Punctuation Definition",
      "scope": "punctuation.definition.heading.markdown",
      "settings": {
        "foreground": "#2DE0A7"
      }
    },
    {
      "name": "[VSCODE-CUSTOM] Markdown heading setext",
      "scope": "markup.heading.setext",
      "settings": {
        "foreground": "#F1EFF7"
      }
    },
    {
      "name": "[VSCODE-CUSTOM] Markdown Punctuation Definition Bold",
      "scope": "punctuation.definition.bold.markdown",
      "settings": {
        "foreground": "#AE81FF"
      }
    },
    {
      "name": "[VSCODE-CUSTOM] Markdown Inline Raw",
      "scope": "markup.inline.raw.markdown",
      "settings": {
        "foreground": "#6D6DB5"
      }
    },
    {
      "name": "[VSCODE-CUSTOM] Markdown List Punctuation Definition",
      "scope": "beginning.punctuation.definition.list.markdown",
      "settings": {
        "foreground": "#FF6F9F"
      }
    },
    {
      "name": "[VSCODE-CUSTOM] Markdown Quote",
      "scope": "markup.quote.markdown",
      "settings": {
        "foreground": "#5C6370",
        "fontStyle": "italic"
      }
    },
    {
      "name": "[VSCODE-CUSTOM] Markdown Punctuation Definition String",
      "scope":
        "punctuation.definition.string.begin.markdown,punctuation.definition.string.end.markdown,punctuation.definition.metadata.markdown",
      "settings": {
        "foreground": "#F1EFF7"
      }
    },
    {
      "name": "[VSCODE-CUSTOM] Markdown Punctuation Definition Link",
      "scope": "punctuation.definition.metadata.markdown",
      "settings": {
        "foreground": "#7AA5FF"
      }
    },
    {
      "name": "[VSCODE-CUSTOM] Markdown Underline Link/Image",
      "scope":
        "markup.underline.link.markdown,markup.underline.link.image.markdown",
      "settings": {
        "foreground": "#6DFEDF"
      }
    },
    {
      "name": "[VSCODE-CUSTOM] Markdown Link Title/Description",
      "scope":
        "string.other.link.title.markdown,string.other.link.description.markdown",
      "settings": {
        "foreground": "#AE81FF"
      }
    },
    {
      "name": "markup.italic.markdown",
      "scope": "markup.italic.markdown",
      "settings": {
        "fontStyle": "italic"
      }
    },
    {
      "name": "markup.bold.markdown",
      "scope": "markup.bold.markdown",
      "settings": {
        "fontStyle": "bold"
      }
    },
    {
      "name": "Markdown paragraph",
      "scope": "meta.paragraph.markdown",
      "settings": {
        "foreground": "#F1EFF7"
      }
    },
    {
      "name": "Regular Expressions",
      "scope": "string.regexp",
      "settings": {
        "foreground": "#6DFEDF"
      }
    },
    {
      "name": "Escape Characters",
      "scope": "constant.character.escape",
      "settings": {
        "foreground": "#AE81FF"
      }
    },
    {
      "name": "Embedded",
      "scope": "punctuation.section.embedded, variable.interpolation",
      "settings": {
        "foreground": "#FF6F9F"
      }
    },
    {
      "name": "Illegal",
      "scope": "invalid.illegal",
      "settings": {
        "background": "#e05252",
        "foreground": "#FFFFFF"
      }
    },
    {
      "name": "Broken",
      "scope": "invalid.broken",
      "settings": {
        "background": "#e05252",
        "foreground": "#FFFFFF"
      }
    },
    {
      "name": "Deprecated",
      "scope": "invalid.deprecated",
      "settings": {
        "background": "#d27b53",
        "foreground": "#FFFFFF"
      }
    },
    {
      "name": "Unimplemented",
      "scope": "invalid.unimplemented",
      "settings": {
        "background": "#747369",
        "foreground": "#FFFFFF"
      }
    },
    {
      "name": "Source Json Meta Structure Dictionary Json > String Quoted Json",
      "scope":
        "source.json meta.structure.dictionary.json > string.quoted.json",
      "settings": {
        "foreground": "#FF6F9F"
      }
    },
    {
      "name":
        "Source Json Meta Structure Dictionary Json > String Quoted Json > Punctuation String",
      "scope":
        "source.json meta.structure.dictionary.json > string.quoted.json > punctuation.string",
      "settings": {
        "foreground": "#FF6F9F"
      }
    },
    {
      "name":
        "Source Json Meta Structure Dictionary Json > Value Json > String Quoted Json,source Json Meta Structure Array Json > Value Json > String Quoted Json,source Json Meta Structure Dictionary Json > Value Json > String Quoted Json > Punctuation,source Json Meta Structure Array Json > Value Json > String Quoted Json > Punctuation",
      "scope":
        "source.json meta.structure.dictionary.json > value.json > string.quoted.json,source.json meta.structure.array.json > value.json > string.quoted.json,source.json meta.structure.dictionary.json > value.json > string.quoted.json > punctuation,source.json meta.structure.array.json > value.json > string.quoted.json > punctuation",
      "settings": {
        "foreground": "#6DFEDF"
      }
    },
    {
      "name":
        "Source Json Meta Structure Dictionary Json > Constant Language Json,source Json Meta Structure Array Json > Constant Language Json",
      "scope":
        "source.json meta.structure.dictionary.json > constant.language.json,source.json meta.structure.array.json > constant.language.json",
      "settings": {
        "foreground": "#2DE0A7"
      }
    },
    {
      "name": "JSON Property Names",
      "scope": "support.type.property-name.json",
      "settings": {
        "foreground": "#AE81FF"
      }
    },
    {
      "name": "JSON Punctuation for Property Name",
      "scope": "support.type.property-name.json punctuation",
      "settings": {
        "foreground": "#6D6DB5"
      }
    },
    {
      "name": "Specific JSON Property values like null",
      "scope": "meta.structure.dictionary.json meta.structure.dictionary.value constant.language",
      "settings": {
        "foreground": "#ED4781"
      }
    },
    {
      "name": "punctuation.definition",
      "scope": "punctuation.definition.string.begin.json ,punctuation.definition.string.end.json",
      "settings": {
        "foreground": "#6D6DB5"
      }
    },
    {
      "name": "laravel blade tag",
      "scope":
        "text.html.laravel-blade source.php.embedded.line.html entity.name.tag.laravel-blade",
      "settings": {
        "foreground": "#C679DD"
      }
    },
    {
      "name": "laravel blade @",
      "scope":
        "text.html.laravel-blade source.php.embedded.line.html support.constant.laravel-blade",
      "settings": {
        "foreground": "#C679DD"
      }
    },
    {
      "name": "use statement for other classes",
      "scope":
        "support.other.namespace.use.php,support.other.namespace.use-as.php,support.other.namespace.php",
      "settings": {
        "foreground": "#e5c07b"
      }
    },
    {
      "name": "error suppression",
      "scope": "keyword.operator.error-control.php",
      "settings": {
        "foreground": "#7AA5FF"
      }
    },
    {
      "name": "php instanceof",
      "scope": "keyword.operator.type.php",
      "settings": {
        "foreground": "#7AA5FF"
      }
    },
    {
      "name": "style double quoted array index normal begin",
      "scope": "punctuation.section.array.begin.php",
      "settings": {
        "foreground": "#F1EFF7"
      }
    },
    {
      "name": "style double quoted array index normal end",
      "scope": "punctuation.section.array.end.php",
      "settings": {
        "foreground": "#F1EFF7"
      }
    },
    {
      "name": "php illegal.non-null-typehinted",
      "scope": "invalid.illegal.non-null-typehinted.php",
      "settings": {
        "foreground": "#ff0000"
      }
    },
    {
      "name": "php types",
      "scope":
        "storage.type.php,meta.other.type.phpdoc.php,keyword.other.type.php,keyword.other.array.phpdoc.php",
      "settings": {
        "foreground": "#e5c07b"
      }
    },
    {
      "name": "php call-function",
      "scope":
        "meta.function-call.php,meta.function-call.object.php,meta.function-call.static.php",
      "settings": {
        "foreground": "#2DE0A7"
      }
    },
    {
      "name": "php function-resets",
      "scope":
        "punctuation.definition.parameters.begin.bracket.round.php,punctuation.definition.parameters.end.bracket.round.php,punctuation.separator.delimiter.php,punctuation.section.scope.begin.php,punctuation.section.scope.end.php,punctuation.terminator.expression.php,punctuation.definition.arguments.begin.bracket.round.php,punctuation.definition.arguments.end.bracket.round.php,punctuation.definition.storage-type.begin.bracket.round.php,punctuation.definition.storage-type.end.bracket.round.php,punctuation.definition.array.begin.bracket.round.php,punctuation.definition.array.end.bracket.round.php,punctuation.definition.begin.bracket.round.php,punctuation.definition.end.bracket.round.php,punctuation.definition.begin.bracket.curly.php,punctuation.definition.end.bracket.curly.php",
      "settings": {
        "foreground": "#bbbbbb"
      }
    },
    {
      "name": "support php constants",
      "scope":
        "support.constant.ext.php,support.constant.std.php,support.constant.core.php,support.constant.parser-token.php",
      "settings": {
        "foreground": "#AE81FF"
      }
    },
    {
      "name": "php goto",
      "scope": "entity.name.goto-label.php,support.other.php",
      "settings": {
        "foreground": "#2DE0A7"
      }
    },
    {
      "name": "php logical/bitwise operator",
      "scope":
        "keyword.operator.logical.php,keyword.operator.bitwise.php,keyword.operator.arithmetic.php",
      "settings": {
        "foreground": "#2DE0A7"
      }
    },
    {
      "name": "php regexp operator",
      "scope": "keyword.operator.regexp.php",
      "settings": {
        "foreground": "#7AA5FF"
      }
    },
    {
      "name": "php comparison",
      "scope": "keyword.operator.comparison.php",
      "settings": {
        "foreground": "#2DE0A7"
      }
    },
    {
      "name": "php dollar sign",
      "scope": "punctuation.definition.variable.php",
      "settings": {
        "foreground": "#FF6F9F"
      }
    },
    {
      "name": "php heredoc/nowdoc",
      "scope": "keyword.operator.heredoc.php,keyword.operator.nowdoc.php",
      "settings": {
        "foreground": "#7AA5FF"
      }
    },
    {
      "name": "python function decorator @",
      "scope": "meta.function.decorator.python",
      "settings": {
        "foreground": "#2DE0A7"
      }
    },
    {
      "name": "python function support",
      "scope":
        "support.token.decorator.python,meta.function.decorator.identifier.python",
      "settings": {
        "foreground": "#2DE0A7"
      }
    },
    {
      "name": "parameter function",
      "scope": "function.parameter",
      "settings": {
        "foreground": "#AE81FF"
      }
    },
    {
      "name": "parameter function js/ts",
      "scope": "function.parameter",
      "settings": {
        "foreground": "#F1EFF7"
      }
    },
    {
      "name": "brace function",
      "scope": "function.brace",
      "settings": {
        "foreground": "#F1EFF7"
      }
    },
    {
      "name": "parameter function ruby cs",
      "scope": "function.parameter.ruby, function.parameter.cs",
      "settings": {
        "foreground": "#F1EFF7"
      }
    },
    {
      "name": "rgb-value",
      "scope": "rgb-value",
      "settings": {
        "foreground": "#2DE0A7"
      }
    },
    {
      "name": "rgb value #",
      "scope": "inline-color-decoration rgb-value",
      "settings": {
        "foreground": "#AE81FF"
      }
    },
    {
      "name": "rgb value less",
      "scope": "less rgb-value",
      "settings": {
        "foreground": "#AE81FF"
      }
    },
    {
      "name": "sass selector",
      "scope": "selector.sass",
      "settings": {
        "foreground": "#FF6F9F"
      }
    },
    {
      "name": "js ts this",
      "scope":
        "var.this,variable.language.this.js,variable.language.this.ts,variable.language.this.jsx,variable.language.this.tsx",
      "settings": {
        "foreground": "#FF6F9F",
        "fontStyle": "italic"
      }
    },
    {
      "name": "ts primitive/builtin types",
      "scope": "support.type.primitive.ts,support.type.builtin.ts",
      "settings": {
        "foreground": "#FF6F9F"
      }
    },
    {
      "name": "block scope",
      "scope": "block.scope.end,block.scope.begin",
      "settings": {
        "foreground": "#F1EFF7"
      }
    },
    {
      "name": "cs local variable",
      "scope": "entity.name.variable.local.cs",
      "settings": {
        "foreground": "#FF6F9F"
      }
    },
    {
      "name": "Ruby Constant other symbol",
      "scope": "constant.other.symbol.ruby, constant.other.symbol.hashkey.ruby",
      "settings": {
        "foreground": "#AE81FF"
      }
    },
    {
      "scope": "token.info-token",
      "settings": {
        "foreground": "#6796e6"
      }
    },
    {
      "scope": "token.warn-token",
      "settings": {
        "foreground": "#cd9731"
      }
    },
    {
      "scope": "token.error-token",
      "settings": {
        "foreground": "#f44747"
      }
    },
    {
      "scope": "token.debug-token",
      "settings": {
        "foreground": "#b267e6"
      }
    }
  ]
}
